,path
0,micrograph1.tif
1,micrograph2.tif
2,micrograph4.tif
3,micrograph5.tif
4,micrograph6.tif
5,micrograph7.tif
6,micrograph8.tif
7,micrograph9.tif
8,micrograph10.png
9,micrograph11.tif
10,micrograph13.tif
11,micrograph14.tif
12,micrograph18.png
13,micrograph20.tif
14,micrograph21.tif
15,micrograph24.tif
16,micrograph26.tif
17,micrograph29.tif
18,micrograph30.tif
19,micrograph32.tif
20,micrograph35.tif
21,micrograph36.tif
22,micrograph37.tif
23,micrograph39.tif
24,micrograph41.tif
25,micrograph42.tif
26,micrograph44.tif
27,micrograph48.tif
28,micrograph49.tif
29,micrograph51.tif
30,micrograph53.tif
31,micrograph58.tif
32,micrograph59.tif
33,micrograph60.tif
34,micrograph65.tif
35,micrograph67.tif
36,micrograph68.tif
37,micrograph69.tif
38,micrograph70.tif
39,micrograph71.tif
40,micrograph72.tif
41,micrograph74.tif
42,micrograph75.tif
43,micrograph76.tif
44,micrograph80.tif
45,micrograph82.tif
46,micrograph86.tif
47,micrograph88.tif
48,micrograph89.tif
49,micrograph90.tif
50,micrograph91.tif
51,micrograph95.tif
52,micrograph97.tif
53,micrograph98.tif
54,micrograph99.tif
55,micrograph104.tif
56,micrograph106.png
57,micrograph107.png
58,micrograph111.tif
59,micrograph113.tif
60,micrograph114.tif
61,micrograph119.tif
62,micrograph121.tif
63,micrograph122.tif
64,micrograph124.tif
65,micrograph130.tif
66,micrograph133.tif
67,micrograph135.tif
68,micrograph138.tif
69,micrograph148.tif
70,micrograph150.tif
71,micrograph152.png
72,micrograph154.tif
73,micrograph156.png
74,micrograph157.tif
75,micrograph160.tif
76,micrograph161.tif
77,micrograph162.tif
78,micrograph168.tif
79,micrograph169.tif
80,micrograph170.tif
81,micrograph171.tif
82,micrograph172.tif
83,micrograph173.png
84,micrograph176.tif
85,micrograph177.png
86,micrograph178.tif
87,micrograph180.tif
88,micrograph184.tif
89,micrograph185.tif
90,micrograph188.tif
91,micrograph189.tif
92,micrograph191.tif
93,micrograph192.tif
94,micrograph193.tif
95,micrograph194.tif
96,micrograph195.tif
97,micrograph196.tif
98,micrograph198.tif
99,micrograph200.tif
100,micrograph201.tif
101,micrograph202.tif
102,micrograph205.tif
103,micrograph209.tif
104,micrograph210.tif
105,micrograph211.tif
106,micrograph212.tif
107,micrograph214.tif
108,micrograph218.tif
109,micrograph220.tif
110,micrograph221.tif
111,micrograph222.tif
112,micrograph223.png
113,micrograph224.tif
114,micrograph229.tif
115,micrograph231.tif
116,micrograph233.tif
117,micrograph234.tif
118,micrograph235.tif
119,micrograph237.tif
120,micrograph242.tif
121,micrograph243.png
122,micrograph247.tif
123,micrograph248.tif
124,micrograph251.tif
125,micrograph252.tif
126,micrograph253.tif
127,micrograph255.tif
128,micrograph257.tif
129,micrograph261.tif
130,micrograph265.tif
131,micrograph269.tif
132,micrograph271.tif
133,micrograph272.tif
134,micrograph273.tif
135,micrograph280.tif
136,micrograph283.tif
137,micrograph285.tif
138,micrograph286.tif
139,micrograph295.tif
140,micrograph296.tif
141,micrograph297.tif
142,micrograph301.tif
143,micrograph305.tif
144,micrograph306.tif
145,micrograph308.tif
146,micrograph309.tif
147,micrograph311.tif
148,micrograph312.tif
149,micrograph313.tif
150,micrograph314.tif
151,micrograph316.tif
152,micrograph318.png
153,micrograph319.png
154,micrograph321.tif
155,micrograph322.tif
156,micrograph325.tif
157,micrograph326.tif
158,micrograph329.tif
159,micrograph330.tif
160,micrograph333.tif
161,micrograph337.tif
162,micrograph343.png
163,micrograph345.tif
164,micrograph347.tif
165,micrograph349.tif
166,micrograph351.tif
167,micrograph352.tif
168,micrograph353.tif
169,micrograph354.tif
170,micrograph357.tif
171,micrograph359.tif
172,micrograph360.tif
173,micrograph363.tif
174,micrograph364.tif
175,micrograph366.tif
176,micrograph367.tif
177,micrograph368.tif
178,micrograph369.tif
179,micrograph371.tif
180,micrograph373.tif
181,micrograph375.tif
182,micrograph376.tif
183,micrograph380.tif
184,micrograph381.tif
185,micrograph382.tif
186,micrograph383.tif
187,micrograph384.tif
188,micrograph386.tif
189,micrograph387.tif
190,micrograph388.png
191,micrograph391.tif
192,micrograph396.tif
193,micrograph397.tif
194,micrograph398.tif
195,micrograph401.tif
196,micrograph402.tif
197,micrograph403.tif
198,micrograph406.tif
199,micrograph407.tif
200,micrograph408.tif
201,micrograph411.tif
202,micrograph418.tif
203,micrograph419.tif
204,micrograph421.tif
205,micrograph422.tif
206,micrograph427.png
207,micrograph430.tif
208,micrograph433.tif
209,micrograph435.png
210,micrograph436.png
211,micrograph437.tif
212,micrograph440.png
213,micrograph441.tif
214,micrograph442.tif
215,micrograph443.tif
216,micrograph447.tif
217,micrograph449.tif
218,micrograph451.tif
219,micrograph452.tif
220,micrograph454.tif
221,micrograph457.png
222,micrograph458.tif
223,micrograph459.tif
224,micrograph463.tif
225,micrograph464.tif
226,micrograph465.tif
227,micrograph466.tif
228,micrograph468.png
229,micrograph470.tif
230,micrograph471.tif
231,micrograph472.tif
232,micrograph474.png
233,micrograph475.tif
234,micrograph477.tif
235,micrograph479.tif
236,micrograph480.tif
237,micrograph481.tif
238,micrograph483.tif
239,micrograph484.tif
240,micrograph486.tif
241,micrograph487.tif
242,micrograph488.tif
243,micrograph489.tif
244,micrograph490.tif
245,micrograph492.tif
246,micrograph493.tif
247,micrograph495.tif
248,micrograph499.tif
249,micrograph502.tif
250,micrograph512.tif
251,micrograph514.tif
252,micrograph515.tif
253,micrograph517.tif
254,micrograph518.tif
255,micrograph520.tif
256,micrograph522.tif
257,micrograph523.tif
258,micrograph524.tif
259,micrograph528.tif
260,micrograph530.tif
261,micrograph532.tif
262,micrograph534.tif
263,micrograph535.tif
264,micrograph536.png
265,micrograph537.tif
266,micrograph543.tif
267,micrograph544.tif
268,micrograph545.tif
269,micrograph548.tif
270,micrograph551.tif
271,micrograph553.tif
272,micrograph554.tif
273,micrograph555.tif
274,micrograph558.tif
275,micrograph561.tif
276,micrograph565.tif
277,micrograph566.png
278,micrograph568.tif
279,micrograph569.tif
280,micrograph573.tif
281,micrograph576.tif
282,micrograph579.tif
283,micrograph584.tif
284,micrograph586.tif
285,micrograph589.tif
286,micrograph592.tif
287,micrograph594.tif
288,micrograph596.tif
289,micrograph597.tif
290,micrograph598.tif
291,micrograph599.tif
292,micrograph601.tif
293,micrograph604.tif
294,micrograph607.tif
295,micrograph608.tif
296,micrograph609.tif
297,micrograph610.tif
298,micrograph611.tif
299,micrograph615.tif
300,micrograph616.tif
301,micrograph625.tif
302,micrograph626.tif
303,micrograph628.tif
304,micrograph632.tif
305,micrograph633.tif
306,micrograph639.tif
307,micrograph640.tif
308,micrograph641.tif
309,micrograph642.tif
310,micrograph643.tif
311,micrograph646.tif
312,micrograph649.tif
313,micrograph650.tif
314,micrograph655.tif
315,micrograph659.tif
316,micrograph660.tif
317,micrograph664.tif
318,micrograph670.tif
319,micrograph671.tif
320,micrograph677.tif
321,micrograph678.tif
322,micrograph679.tif
323,micrograph681.png
324,micrograph682.tif
325,micrograph683.tif
326,micrograph684.tif
327,micrograph685.tif
328,micrograph687.tif
329,micrograph689.png
330,micrograph691.tif
331,micrograph694.tif
332,micrograph699.tif
333,micrograph702.tif
334,micrograph704.tif
335,micrograph705.tif
336,micrograph707.tif
337,micrograph708.tif
338,micrograph710.tif
339,micrograph714.tif
340,micrograph717.tif
341,micrograph718.tif
342,micrograph721.tif
343,micrograph725.tif
344,micrograph727.tif
345,micrograph728.tif
346,micrograph732.tif
347,micrograph734.tif
348,micrograph736.tif
349,micrograph738.tif
350,micrograph741.tif
351,micrograph742.tif
352,micrograph744.tif
353,micrograph745.tif
354,micrograph746.tif
355,micrograph747.tif
356,micrograph749.tif
357,micrograph755.tif
358,micrograph756.tif
359,micrograph762.tif
360,micrograph764.tif
361,micrograph772.tif
362,micrograph775.tif
363,micrograph776.tif
364,micrograph779.tif
365,micrograph785.tif
366,micrograph791.tif
367,micrograph795.tif
368,micrograph796.tif
369,micrograph798.tif
370,micrograph799.tif
371,micrograph805.tif
372,micrograph806.tif
373,micrograph811.tif
374,micrograph813.tif
375,micrograph814.tif
376,micrograph816.tif
377,micrograph820.tif
378,micrograph821.tif
379,micrograph828.tif
380,micrograph831.tif
381,micrograph832.tif
382,micrograph833.tif
383,micrograph841.tif
384,micrograph844.tif
385,micrograph847.tif
386,micrograph850.tif
387,micrograph852.tif
388,micrograph854.tif
389,micrograph855.tif
390,micrograph858.tif
391,micrograph859.tif
392,micrograph861.tif
393,micrograph862.tif
394,micrograph864.tif
395,micrograph865.tif
396,micrograph866.tif
397,micrograph867.tif
398,micrograph871.tif
399,micrograph873.tif
400,micrograph877.tif
401,micrograph880.tif
402,micrograph881.tif
403,micrograph883.tif
404,micrograph884.tif
405,micrograph885.tif
406,micrograph887.tif
407,micrograph888.tif
408,micrograph889.tif
409,micrograph890.tif
410,micrograph893.tif
411,micrograph894.tif
412,micrograph896.tif
413,micrograph897.tif
414,micrograph905.tif
415,micrograph906.tif
416,micrograph907.tif
417,micrograph909.tif
418,micrograph912.tif
419,micrograph914.tif
420,micrograph915.tif
421,micrograph917.tif
422,micrograph918.tif
423,micrograph920.tif
424,micrograph921.tif
425,micrograph925.tif
426,micrograph928.tif
427,micrograph931.tif
428,micrograph933.tif
429,micrograph934.tif
430,micrograph935.tif
431,micrograph936.tif
432,micrograph939.tif
433,micrograph941.tif
434,micrograph947.tif
435,micrograph951.tif
436,micrograph952.tif
437,micrograph954.tif
438,micrograph955.tif
439,micrograph956.png
440,micrograph959.tif
441,micrograph963.tif
442,micrograph965.tif
443,micrograph967.tif
444,micrograph968.tif
445,micrograph970.tif
446,micrograph971.tif
447,micrograph973.tif
448,micrograph974.tif
449,micrograph984.tif
450,micrograph985.tif
451,micrograph986.tif
452,micrograph989.tif
453,micrograph990.tif
454,micrograph991.tif
455,micrograph995.tif
456,micrograph997.tif
457,micrograph998.tif
458,micrograph999.tif
459,micrograph1001.tif
460,micrograph1003.tif
461,micrograph1005.tif
462,micrograph1006.tif
463,micrograph1008.tif
464,micrograph1009.tif
465,micrograph1011.tif
466,micrograph1012.tif
467,micrograph1013.tif
468,micrograph1015.tif
469,micrograph1017.tif
470,micrograph1018.tif
471,micrograph1019.tif
472,micrograph1020.tif
473,micrograph1022.png
474,micrograph1025.tif
475,micrograph1027.tif
476,micrograph1028.tif
477,micrograph1030.tif
478,micrograph1031.tif
479,micrograph1032.png
480,micrograph1035.tif
481,micrograph1038.tif
482,micrograph1040.tif
483,micrograph1045.png
484,micrograph1048.tif
485,micrograph1049.tif
486,micrograph1052.tif
487,micrograph1053.tif
488,micrograph1054.tif
489,micrograph1055.tif
490,micrograph1056.png
491,micrograph1057.tif
492,micrograph1058.tif
493,micrograph1059.tif
494,micrograph1061.tif
495,micrograph1062.tif
496,micrograph1063.tif
497,micrograph1064.tif
498,micrograph1068.tif
499,micrograph1072.tif
500,micrograph1075.tif
501,micrograph1076.tif
502,micrograph1078.tif
503,micrograph1079.tif
504,micrograph1083.tif
505,micrograph1092.tif
506,micrograph1093.tif
507,micrograph1094.tif
508,micrograph1096.tif
509,micrograph1098.tif
510,micrograph1100.tif
511,micrograph1101.tif
512,micrograph1102.tif
513,micrograph1103.tif
514,micrograph1104.tif
515,micrograph1105.tif
516,micrograph1106.tif
517,micrograph1109.tif
518,micrograph1111.tif
519,micrograph1112.tif
520,micrograph1117.tif
521,micrograph1119.tif
522,micrograph1120.tif
523,micrograph1126.tif
524,micrograph1127.tif
525,micrograph1128.tif
526,micrograph1129.tif
527,micrograph1134.tif
528,micrograph1136.tif
529,micrograph1138.tif
530,micrograph1139.png
531,micrograph1140.png
532,micrograph1145.tif
533,micrograph1146.tif
534,micrograph1150.tif
535,micrograph1155.tif
536,micrograph1156.tif
537,micrograph1159.tif
538,micrograph1161.tif
539,micrograph1162.tif
540,micrograph1163.tif
541,micrograph1164.tif
542,micrograph1167.tif
543,micrograph1173.tif
544,micrograph1174.tif
545,micrograph1176.tif
546,micrograph1177.tif
547,micrograph1180.tif
548,micrograph1182.tif
549,micrograph1183.tif
550,micrograph1185.tif
551,micrograph1186.tif
552,micrograph1188.tif
553,micrograph1189.tif
554,micrograph1192.tif
555,micrograph1193.tif
556,micrograph1195.png
557,micrograph1196.tif
558,micrograph1197.tif
559,micrograph1198.tif
560,micrograph1199.tif
561,micrograph1200.png
562,micrograph1201.tif
563,micrograph1202.tif
564,micrograph1205.tif
565,micrograph1206.tif
566,micrograph1207.tif
567,micrograph1210.tif
568,micrograph1213.tif
569,micrograph1214.tif
570,micrograph1215.tif
571,micrograph1216.tif
572,micrograph1217.png
573,micrograph1218.tif
574,micrograph1219.tif
575,micrograph1223.tif
576,micrograph1226.tif
577,micrograph1232.tif
578,micrograph1234.tif
579,micrograph1238.tif
580,micrograph1239.tif
581,micrograph1240.tif
582,micrograph1243.tif
583,micrograph1247.tif
584,micrograph1248.tif
585,micrograph1249.tif
586,micrograph1252.tif
587,micrograph1256.tif
588,micrograph1257.tif
589,micrograph1260.tif
590,micrograph1261.tif
591,micrograph1262.tif
592,micrograph1265.tif
593,micrograph1266.tif
594,micrograph1272.tif
595,micrograph1273.tif
596,micrograph1280.tif
597,micrograph1281.tif
598,micrograph1283.tif
599,micrograph1284.tif
600,micrograph1285.tif
601,micrograph1288.tif
602,micrograph1289.tif
603,micrograph1291.tif
604,micrograph1294.tif
605,micrograph1295.png
606,micrograph1298.tif
607,micrograph1300.tif
608,micrograph1302.tif
609,micrograph1304.tif
610,micrograph1305.tif
611,micrograph1306.tif
612,micrograph1309.png
613,micrograph1311.tif
614,micrograph1316.tif
615,micrograph1318.tif
616,micrograph1321.tif
617,micrograph1322.tif
618,micrograph1324.tif
619,micrograph1326.tif
620,micrograph1327.tif
621,micrograph1329.tif
622,micrograph1330.tif
623,micrograph1331.tif
624,micrograph1332.tif
625,micrograph1333.tif
626,micrograph1337.tif
627,micrograph1338.tif
628,micrograph1339.tif
629,micrograph1344.tif
630,micrograph1347.tif
631,micrograph1348.tif
632,micrograph1349.tif
633,micrograph1351.tif
634,micrograph1356.tif
635,micrograph1358.tif
636,micrograph1359.tif
637,micrograph1361.tif
638,micrograph1367.tif
639,micrograph1368.tif
640,micrograph1370.tif
641,micrograph1371.tif
642,micrograph1372.tif
643,micrograph1374.png
644,micrograph1379.tif
645,micrograph1384.tif
646,micrograph1385.tif
647,micrograph1388.tif
648,micrograph1389.png
649,micrograph1391.tif
650,micrograph1392.tif
651,micrograph1393.tif
652,micrograph1394.tif
653,micrograph1396.tif
654,micrograph1397.tif
655,micrograph1399.tif
656,micrograph1400.tif
657,micrograph1404.tif
658,micrograph1405.tif
659,micrograph1406.tif
660,micrograph1407.tif
661,micrograph1408.tif
662,micrograph1409.tif
663,micrograph1411.tif
664,micrograph1412.png
665,micrograph1415.tif
666,micrograph1420.tif
667,micrograph1422.tif
668,micrograph1423.tif
669,micrograph1424.tif
670,micrograph1426.tif
671,micrograph1427.tif
672,micrograph1431.tif
673,micrograph1435.tif
674,micrograph1436.tif
675,micrograph1440.tif
676,micrograph1441.tif
677,micrograph1444.tif
678,micrograph1446.tif
679,micrograph1447.tif
680,micrograph1449.tif
681,micrograph1451.tif
682,micrograph1452.tif
683,micrograph1454.tif
684,micrograph1456.tif
685,micrograph1457.tif
686,micrograph1466.tif
687,micrograph1467.tif
688,micrograph1468.tif
689,micrograph1469.tif
690,micrograph1473.tif
691,micrograph1474.tif
692,micrograph1479.tif
693,micrograph1482.tif
694,micrograph1483.tif
695,micrograph1485.tif
696,micrograph1490.png
697,micrograph1492.tif
698,micrograph1500.tif
699,micrograph1501.tif
700,micrograph1503.tif
701,micrograph1506.tif
702,micrograph1507.tif
703,micrograph1509.tif
704,micrograph1510.tif
705,micrograph1515.tif
706,micrograph1516.tif
707,micrograph1517.tif
708,micrograph1518.tif
709,micrograph1519.tif
710,micrograph1520.tif
711,micrograph1521.tif
712,micrograph1522.tif
713,micrograph1524.tif
714,micrograph1528.tif
715,micrograph1531.tif
716,micrograph1536.tif
717,micrograph1538.tif
718,micrograph1543.tif
719,micrograph1549.tif
720,micrograph1551.tif
721,micrograph1552.tif
722,micrograph1554.tif
723,micrograph1555.tif
724,micrograph1556.tif
725,micrograph1558.tif
726,micrograph1560.tif
727,micrograph1561.tif
728,micrograph1562.tif
729,micrograph1565.tif
730,micrograph1569.png
731,micrograph1571.png
732,micrograph1572.tif
733,micrograph1573.tif
734,micrograph1579.tif
735,micrograph1580.tif
736,micrograph1581.tif
737,micrograph1583.tif
738,micrograph1584.tif
739,micrograph1586.tif
740,micrograph1588.tif
741,micrograph1589.tif
742,micrograph1597.tif
743,micrograph1599.tif
744,micrograph1601.tif
745,micrograph1603.tif
746,micrograph1605.tif
747,micrograph1607.tif
748,micrograph1608.tif
749,micrograph1610.tif
750,micrograph1611.tif
751,micrograph1613.tif
752,micrograph1615.tif
753,micrograph1623.tif
754,micrograph1624.tif
755,micrograph1625.tif
756,micrograph1626.tif
757,micrograph1627.tif
758,micrograph1633.png
759,micrograph1634.tif
760,micrograph1637.tif
761,micrograph1638.tif
762,micrograph1640.tif
763,micrograph1644.tif
764,micrograph1645.tif
765,micrograph1648.tif
766,micrograph1651.tif
767,micrograph1654.tif
768,micrograph1655.tif
769,micrograph1661.tif
770,micrograph1662.tif
771,micrograph1666.tif
772,micrograph1667.tif
773,micrograph1671.tif
774,micrograph1672.tif
775,micrograph1675.tif
776,micrograph1676.png
777,micrograph1677.tif
778,micrograph1682.tif
779,micrograph1686.tif
780,micrograph1689.tif
781,micrograph1693.tif
782,micrograph1694.tif
783,micrograph1696.tif
784,micrograph1697.tif
785,micrograph1698.tif
786,micrograph1700.tif
787,micrograph1702.tif
788,micrograph1703.tif
789,micrograph1707.tif
790,micrograph1710.tif
791,micrograph1712.tif
792,micrograph1716.tif
793,micrograph1718.tif
794,micrograph1719.tif
795,micrograph1720.tif
796,micrograph1721.tif
797,micrograph1722.tif
798,micrograph1723.tif
799,micrograph1726.tif
800,micrograph1730.png
801,micrograph1731.tif
802,micrograph1732.tif
